pep,vertical
BR02CLP0000200,Retail
BR02CLP00003,Retail
BR02CLP00004,Finance
BR02CLP00005,Finance
BR02CLP00006,Finance
BR02CLP00007,Finance
BR02CLP00008,Finance
BR02CLP000092,Finance
BR02CLP000100,Multisector
BR02CLP000101,Multisector
BR02CLP000110,Grupo Mult
BR02CLP000114,Grupo Mult
BR02CLP000116,Health
BR02CLP000117,Multisector
BR02CLP000120,Multisector
BR02CLP000122,Finance
BR02CLP000123,Multisector
BR02CLP000125,Retail
BR02CLP000130,Retail
BR02CLP000140,Multisector
BR02CLP000141,Health
BR02CLP000144,Multisector
BR02CLP000148,Health
BR02CLP000149,Multisector
BR02CLP00015,Finance
BR02CLP000150,Finance
BR02CLP000151,Finance
BR02CLP00016,Finance
BR02CLP00018,Finance
BR02CLP000183,Multisector
BR02CLP00019,Finance
BR02CLP000190,Retail
BR02CLP00021,Health
BR02CLP000210,Health
BR02CLP000211,Health
BR02CLP00022,Health
BR02CLP000234,Health
BR02CLP00025,Retail
BR02CLP000250,Retail
BR02CLP00026,Health
BR02CLP00028,Grupo Mult
BR02CLP00029,Grupo Mult
BR02CLP00030,Grupo Mult
BR02CLP000301,Multisector
BR02CLP000303,Others
BR02CLP000310,Others
BR02CLP000311,Multisector
BR02CLP000312,Health
BR02CLP00032,Grupo Mult
BR02CLP00033,Grupo Mult
BR02CLP000345,Finance
BR02CLP00035,Grupo Mult
BR02CLP00036,Grupo Mult
BR02CLP00037,Multisector
BR02CLP00039,Retail
BR02CLP00040,Others
BR02CLP00041,Health
BR02CLP00042,Retail
BR02CLP000432,Health
BR02CLP00044,Health
BR02CLP00045,Grupo Mult
BR02CLP00046,Grupo Mult
BR02CLP000473,Health
BR02CLP00049,Multisector
BR02CLP00050,Health
BR02CLP00051,Grupo Mult
BR02CLP000512,Health
BR02CLP00052,Retail
BR02CLP00053,Grupo Mult
BR02CLP000545,Multisector
BR02CLP00055,Multisector
BR02CLP00056,Grupo Mult
BR02CLP000567,Others
BR02CLP00059,Multisector
BR02CLP000600,Retail
BR02CLP00061,Multisector
BR02CLP00064,Finance
BR02CLP00065,Others
BR02CLP00066,Multisector
BR02CLP00067,Multisector
BR02CLP00068,Multisector
BR02CLP00071,Finance
BR02CLP00072,Finance
BR02CLP00073,Finance
BR02CLP00074,Finance
BR02CLP00075,Multisector
BR02CLP00076,Retail
BR02CLP00077,Retail
BR02CLP00078,Retail
BR02CLP00080,Retail
BR02CLP000808,Health
BR02CLP00081,Health
BR02CLP000816,Retail
BR02CLP00083,Health
BR02CLP00084,Retail
BR02CLP00085,Others
BR02CLP00086,Health
BR02CLP00089,Health
BR02CLP000914,Health
BR02CLP00092,Multisector
BR02CLP00095,Multisector
BR02CLP00096,Multisector
BR02CLP00097,Finance
BR02CLP00098,Finance
BR02CLP00099,Retail
BR02CLP00100,Finance
BR02CLP00102,Retail
BR02CLP00105,Others
BR02CLP00106,Grupo Mult
BR02CLP00107,Retail
BR02CLP00109,Grupo Mult
BR02CLP00112,Grupo Mult
BR02CLP001120,Multisector
BR02CLP00113,Multisector
BR02CLP00114,Others
BR02CLP00115,Finance
BR02CLP001150,Multisector
BR02CLP00118,Multisector
BR02CLP00120,Multisector
BR02CLP00121,Health
BR02CLP00122,Others
BR02CLP00123,Health
BR02CLP00124,Multisector
BR02CLP00126,Health
BR02CLP00128,Grupo Mult
BR02CLP00129,Finance
BR02CLP00131,Multisector
BR02CLP00132,Retail
BR02CLP00133,Others
BR02CLP00136,Grupo Mult
BR02CLP00141,Multisector
BR02CLP00145,Others
BR02CLP00149,Multisector
BR02CLP00162,Others
BR02CLP00163,Finance
BR02CLP00174,Finance
BR02CLP00200,Others
BR02CLP00201,Others
BR02CLP00202,Others
BR02CLP00240,Others
BR02CLP00250,Grupo Mult
BR02CLP00549,Health
BR02CLP006849,Retail
BR02LIC0002,Others
BR02LIC0003,Others
BR02LIC0004,Others
BR07CLP00001,Others
BR07CLP00002,Others
BR07CLP00003,Others
BR07CLP00004,Health
BR07CLP00006,Others
BR07CLP00007,Others
BR07CLP00009,Others
BR07CLP00010,Others
BR07CLP00011,Others
BR07CLP00012,Others
BR07CLP00013,Others
BR07CLP00018,Others
BR07CLP00019,Others
BR07CLP00020,Others
BR07CLP00021,Others
BR07CLP00022,Others
BR07CLP00024,Finance
BR07CLP00025,Others
BR07CLP00026,Others
BR07CLP00027,Others
BR07CLP00029,Others
BR07CLP00032,Others
BR07CLP00033,Others
BR07CLP00034,Others
BR07CLP00035,Others
BR07CLP00043,Others
BR07CLP00045,Others
BR07CLP00046,Others
BR07CLP00047,Others
BR07CLP00048,Others
BR07CLP00049,Others
BR07CLP00050,Others
BR07CLP00051,Others
BR07CLP00052,Others
BR07CLP00054,Others
BR07CLP00055,Others
BR07CLP00057,Others
BR07CLP00058,Others
BR07CLP00059,Others
BR07CLP00060,Others
BR07CLP00061,Others
BR07CLP00062,Others
BR07CLP00063,Others
BR07CLP00068,Others
BR07CLP00069,Others
BR07CLP00070,Others
BR07CLP00071,Others
BR07CLP00074,Others
BR07CLP00075,Others
BR07CLP00076,Others
BR07CLP00077,Others
BR07CLP00080,Others
BR07CLP00081,Others
BR07CLP00082,Others
BR07CLP00083,Others
BR07CLP00084,Others
BR07CLP00085,Others
BR07CLP00086,Others
BR07CLP00087,Others
BR07CLP00089,Others
BR07CLP00090,Others
BR07CLP00092,Grupo Mult
BR07CLP00094,Retail
BR07CLP00095,Others
BR07CLP00096,Others
BR07CLP00097,Others
BR07CLP00098,Others
BR07CLP00099,Others
BR07CLP00100,Others
BR07CLP00101,Others
BR07CLP00104,Others
BR07CLP00105,Others
BR07CLP00106,Others
BR07CLP00108,Others
BR07CLP00111,Others
BR07CLP001140,Others
BR07CLP00119,Others
BR07CLP00121,Others
BR07CLP00123,Others
BR07CLP00124,Others
BR07CLP00125,Others
BR07CLP00126,Others
BR07CLP00127,Others
BR07CLP00128,Others
BR07CLP00130,Others
BR07CLP00132,Others
BR07CLP00133,Others
BR07CLP00134,Others
BR07CLP00135,Others
BR07CLP00136,Others
BR07CLP00137,Others
BR07CLP00138,Others
BR07CLP00139,Others
BR07CLP00140,Others
BR07CLP00141,Others
BR07CLP00142,Others
BR07CLP00143,Others
BR07CLP00144,Others
BR07CLP00147,Others
BR07CLP00148,Others
BR07CLP00149,Others
BR07CLP00150,Others
BR07CLP00151,Others
BR07CLP00152,Others
BR07CLP00153,Others
BR07CLP00154,Others
BR07CLP00155,Others
BR07CLP00156,Others
BR07CLP00157,Others
BR07CLP00159,Others
BR07CLP00200,Others
BR07CLP133,Others
BR07LIC0005,Others
BR08CLP000015,Health
BR08CLP00002,Multisector
BR08CLP000029,Others
BR08CLP00003,Others
BR08CLP00004,Others
BR08CLP00009,Others
BR08CLP00012,Others
BR08CLP00014,Others
BR08CLP00015,Others
BR08CLP00017,Multisector
BR08CLP00018,Others
BR08CLP00019,Others
BR08CLP000405,Others
BR08CLP00042,Retail
BR09CLP00001,Multisector
BR09CLP00002,Finance
BR09CLP00003,Finance
BR09CLP00004,Finance
BR09CLP00005,Finance
BR09CLP00006,Multisector
BR09CLP00008,Multisector
BR09CLP00010,Health
BR09CLP00013,Multisector
BR09CLP00156,Health
BR09CLP00158,Others
BR0CLP00143,Others
BRO2CLP000715,Health
CLP00,Others
